"alexander01@yahoo.com","Robert Carroll","alexander01@yahoo.com","X(8PAnzzM1","001-777-224-1866x527","Mccarthyside","Mathematics, Biology, Physics","Tutor","STEM Fair Winner"
"alexander01@yahoo.com","Robert Carroll","alexander01@yahoo.com","X(8PAnzzM1","001-777-224-1866x527","Mccarthyside","Mathematics, Biology, Physics","Tutor","STEM Fair Winner"
"alexander01@yahoo.com","Elizabeth Scott","kimberlyfriedman@gmail.com","c9*gLm&E_s","657-059-9264x23199","Brentshire","Physics","Student","Olympiad Winner"
"King@kolkata.com","Elizabeth Webb","brian48@gmail.com","+4aXyKcCo#","001-876-329-0929x70921","East Jennifer","Computer Science, Biology, Chemistry","Student","Research Scholar"
"King@kolkata.com","Tommy Kirk","hensleychristine@nelson.com","h6gMdBqF()","001-644-405-4697x35593","Huffstad","Economics, Chemistry","Student","Certified Trainer"
"King@kolkata.com","Tommy Kirk","hensleychristine@nelson.com","h6gMdBqF()","001-644-405-4697x35593","Huffstad","Economics, Chemistry","Student","Certified Trainer"

"King@kolkata.com"
"King@kolkata.com"King@kolkata.com,acarroll@willis.biz
King@kolkata.com,hensleychristine@nelson.com
King@kolkata.com,hensleychristine@nelson.com
